Account Index,Address,Private Key
0,0x591F3084a57F796082906B8a42512A24b42dC76A,0x1ed13e980e4f414a3a1b8a474a1c31bb767938abf176fb459e64dd5610869700
1,0xf9858762714E5Df6e8F40bb31c6d9dEB5015a687,0xf8e2e24f5a2b7945b036761a8f52f9c934c49f84b25bc7a89c074c1c1889b805
2,0x0abD193402016637939921aDd5B177Ecce861b4C,0xf81add2c71eba742d304f3f4d0e4cdf0e22dee8ad3055699265549cb30c03675
3,0xb9754918254D0Bb2ea35498C5064Ac713ECb0292,0x74499ee1f1ad1af2dca691651d765af908ef6ed422afe2dd98604284b1152cf3
4,0xF838d9E41ca547086b414D37dC18370C1d9E4a02,0x3a4dd06b68657ba5493d702a78ec157f20a7d3ef6d6816e08deec49665ce4018
5,0x2D4F7339377D8Ee4fF5f3396A6D643b43625dAA8,0x956106894c489c44c11810799ea8a1449f770a71accfe140e1abfc9b6d50f668
6,0x4E88d374D3A17F76f66EF05B8A310BE67f7ACa55,0xb10ea78fbe63d876d2570c0daa2cfd3830a04bf19132b99b9afcd86725340f5c
7,0x14c1Cf5410e9981c2f21632BfA12B0AEa7012610,0x55552e92ed9d3e179afd09c5ab9a9d05daabf281acae22f9e3b5ac363ce266fc
8,0xd19C22BE013954fcFAb1aaFFEd4e684363C625a7,0x05d9fd98de59335c838c346d66ff84731e4bc52a551957ab9c02d5dc60d08200
9,0xdB378e3eC4e55E10d64AD9E66da37FA5DfD94F89,0xc1887043aadf2b5279936b2fd7bd3d48aadea46647a1a615518900b4a949431d
10,0xFC3d766b4274FE65458F8A0Ec156064694DD3a23,0xea5c200f7b75911c12bb2dabbf9a43f51dc6e789545dee6ace45c69a267de7a4
11,0xCedDacF97f637530aF68B2Fa22dE18333cffFF2a,0xc3d8b3a8f75dbe8f1c1fc4cf3c20fafe90128f0a754d8b714b719c184e1708a8
12,0xACB1c1Fd40730db25BdB8Ad7F4723F7F18C45760,0xb36bd10173d63bbd27e246ffecf12a9733760136571bb41ab3ed3e08cc8b026c
13,0xC419c4c288da14f7F64a617c015A22A356534351,0x30b45700223c92f7b62b4a1814fb8d6a5cfe307e8c32758f5f5e6e827831e1f7
14,0xBBa08CCc84c60783bD6B43acf74D5c40Dd9122A4,0x56932184000d229eab18889eaf6da87991a09993af6f3d6082261e890f4c054e
15,0xE1B847DB0A9105Aba4f9F7EC8de0c02629EEdB67,0x76df710f2a3253a6dc8492462e875b154c16d7e3791004ff81282ff3452179c8
16,0x16F3E0472ddE05A3054568C68122Aab714119E58,0x8c3f1058d5b9d25114607315de5b7b572a3915cb40f7ae80a4d45a2c2e7c2910
17,0x56843cb1fd90213f09aE8EC98D27B7abc8621cDc,0x20f28f4ac4e5b0999bf2e4aa403881e2686c6123d51ac4187879a326f136ac35
18,0x69BfeEfC77E1a28A742414370F65e43bb1b23EFF,0x99215849aa16e829796d1b84ca40fc985221b2128a2dffd3b5d2f1fd8ba14862
19,0x3c2A9546ee55909a28F55f2ecABd449d26700CE2,0xf71305f9eab2c06284bc96c420ca0159705f606f6052aba7a610358ec517666c
20,0x22183A64a42E7d24445673621C2504A356B58BfF,0x8d9607c46f737457f027ea97755812fafa693bf6a64ce0d640a641fc672eae0d
21,0x4a6280c619aB9DaD26C8a085b108EA9D41bA364B,0x356476f09f4d6b2f18421542429ef8c87a688e3aace79e9e285d9c9f4854bec7
22,0x8F863BFfaA7a8652252b98bFEad1BEB68DAd5eb3,0xafe1cfe75cee446d3bbc9158514f42d0c9a4f123c3d503f10bd2274ee78adb4b
23,0x1621F5a14a1627ef15Ec565ab95b50aa1a43b89C,0x096f578943f79beb6b00e6100f89e41a908dc8fe6ec5035d2967b8f1fc7e4ca7
24,0xa32007424B8382489EbfB2beb3dE6937689479e8,0xfd769b692a3367cdc2760d12c0a5a53a2e36cdb9d227498cb3143393faeca8ac
25,0xAE906d2a383fC49Fc3EDEf386D7c5E14Ff25A716,0xb91a1f29ecf2fc768a9a647d107815b882c49f9fc68e24b8a4d947c98369c1ec
26,0xE94A59ae4FFbC94b0fbFCEde04745b85eA37Ec8e,0x94362a41183f1cc92c18344b101d38e142d28930ec562db59a26efdc364ea0da
27,0x9A880e5A12Bcc313897f67568450890870983b7d,0x3c5b1146463a2f0ea5e2348f155c416b18593af3be74ce40208c4790bbae8db1
28,0x4Bf75Eb43741A99f79dC0777bA3AD09Cc9aC729b,0x19ba9bf31659b4323cb776b091a63f9bdb490cbdf890407ba977e7e07e858309
29,0xEb1B9e368E2458E658DB3B01eeb49Ebb394498a2,0x0662a37e0b2479906df59e4256b3378b198da9dc5ee74624031a8429b208a08e
30,0xb7db1Fc0410D0c669276d9BfF5a26802e582F7EB,0x3a4f44d44b10d5534abc00db73bd9325cd16dd97766c558c62d9519835637241
31,0x807070454F4B9c3410722dD830024c37158ec3E4,0xed9b562cc07c34228747999d9770414a2edad70ddb7c84ea3d67ad388dd53ad4
32,0xB3c9d2FE62f8769F902bFDF1DC0b61461a607a03,0x4b2a432aa5d29d13b9ebd59070bab013e92d47a1672c61a2629ee41d5c783a1e
33,0x1C5e8e278c7e0Ad646b1a949Afb2Eb3D53C5230d,0xfc61ec516bbff20717a16e911ee77f608025d9af76467ed5247771bee6466232
34,0x33342ebEbE2e2cFB93f56596342F2E8E06D27804,0xba89154e82f298ae94d67de9f369a7d7992403f3040afe37205dff81830f377e
35,0x90384503875dfCc0f5024b51bc88834F79a39d65,0x8485d36c3574805fa2859a0113d41909a9a3f1e2f4cbec31e029694e923dcb99
36,0x702BFb0d7c58c240cA26B5c05904785AE55da220,0x79b048fc8ce020ad34a65fa80b31371aededfd7048f11d0ed2623e188292b3d6
37,0x07a5AEd9E7995aBEe662a72979F84D7eA63b67c3,0x306faf907aab25f314edd1e6289a2f01486a0ea7c166a431a0d69e772cc333c0
38,0x617B1B27019EEA09BFBABD4D98d22C745BE0BAaf,0x7c6d0dd907e67018f808c3a696bfbe9a6f44d8d2f252898dc5cb76a67f743bbb
39,0xA0811d623eA618762b004305C6ea3d44ED510dE8,0x7d7e9caaae98273e828b381bc938de20435ea7b33b5a2ce777913706bafba140
40,0x7f8D6f89EdBB3AEb6bE249bF89D161ADd93a96Fe,0x35793aaf51b11df7d5fc08eb060ac14f1ff6ca290225980c251a3cf42c5c8ceb
41,0x492A26f80e70152265ccb889840a60F6BfCA6Acf,0x715a3781f1dddf08fe7648eabbec043d6bfb680c1c7c81de6d85815a2e87a9f3
42,0x30Bb26B79A7a4612b103d06C6DB0fe04c010ddAF,0x0ddfd3a044d9c3c2a8cf135df82592e612e37aec1b8c242778ab35182be1eb74
43,0x77D524474BDA422B3B440f6c88C47432dE623877,0x4affc65104fc8096dafbfd9090f03fcf3f1f0eee42a73bdac77bbd738f047d18
44,0x98A1C8460099d6e9eEb646763Bf80D8457444172,0x81af8aecb1cf35ca2116045cf20f992c9b7176d580bd1438d9b37e62120c108e
45,0x1BC65309b0128629cD92B97D0d5064e7E46F5dad,0x9e7fdba7d13a162497627ae511bf8afe0b604c73a29625b438a121766cc14fbe
46,0x23Da35F8391894EDE03f47dcCB9573F4755d1A2F,0x095748f64ce819effda45d7072ab177d63c1425dcb3c70a6e9714a3b8d143ef8
47,0x29E1c9727dAD9f7756CD99Db38c1fbDC02d5377a,0x71429a7bd40c2ba8cf223cca880d0bfe0c79994c60cf9b2d36be8964a7b2e1b2
48,0x31E6EaaF0Fcc3A514A1a3C7402d0a7872EB94Fd2,0x197ca83f3f88ba74724c7c5a574e8c2cd1f2e38f1e43fcd4c99c5b09a89a9e48
49,0x91eB67C5eaA197B1a58d8274D1ad36cB50792Ed6,0x7b3e668f0690b7cdcaed9bc7e6ad0256d17b59ad374a31177c0322edbfb1c588
