Round Number,Client 0 NMSE,Client 1 NMSE,Client 2 NMSE,Client 3 NMSE,Client 4 NMSE,Client 5 NMSE,Client 6 NMSE,Client 7 NMSE,Client 8 NMSE,Client 9 NMSE,Client 10 NMSE,Client 11 NMSE,Client 12 NMSE,Client 13 NMSE,Client 14 NMSE,Client 15 NMSE,Client 16 NMSE,Client 17 NMSE,Client 18 NMSE,Client 19 NMSE,Client 20 NMSE,Client 21 NMSE,Client 22 NMSE,Client 23 NMSE,Client 24 NMSE,Client 25 NMSE,Client 26 NMSE,Client 27 NMSE,Client 28 NMSE,Client 29 NMSE,Client 30 NMSE,Client 31 NMSE,Client 32 NMSE,Client 33 NMSE,Client 34 NMSE,Client 35 NMSE,Client 36 NMSE,Client 37 NMSE,Client 38 NMSE,Client 39 NMSE,Client 40 NMSE,Client 41 NMSE,Client 42 NMSE,Client 43 NMSE,Client 44 NMSE,Client 45 NMSE,Client 46 NMSE,Client 47 NMSE,Client 48 NMSE,Client 49 NMSE
0,1.429072984560268,1.3059168461932251,1.5562646032318357,1.407318399441953,1.6202588719645823,1.4498754842391868,1.6527264136967696,1.4760361601974792,1.6790108417901466,1.513551718351857,1.7694709807869018,1.5907143914936397,1.813307146387776,1.60539039712868,1.826228682450422,1.6333714226223777,1.8466831192256896,1.708138067990739,1.9265488376767617,1.8460179006816535,2.1035057353222464,2.053420906824781,2.394195428983433,2.3388774189727988,2.7999879806999144,2.703669213301299,3.3184689799631677,3.146349673239601,4.122353726484644,3.858973332588247,6.680307613583062,4.927730560302735,5.097168824804111,4.930089483197952,6.278377442848026,4.872021769845723,6.736802679347241,4.678088308170143,4.5742917248583215,4.795927085623837,6.23703303299551,4.948927708808951,6.621513216514287,4.945977949938238,6.606870936596487,4.73262458447589,6.739867953803596,4.971145162519241,6.38608481940322,3.896250314270424
1,6.7708758857306535,4.891709460327958,6.345055797907311,5.02772962810188,6.46385658444382,5.033523357467147,6.795615098607821,3.4148592033133607,6.478872824841597,4.947038044203197,4.3333004778764375,4.742160064495163,4.885231979249969,4.983533770832795,6.224446784792923,4.849599055107067,6.774707103338767,3.655503443534801,6.400033244936485,3.424319526217632,6.6907860162689925,3.860754050955868,6.721676803949311,3.49439595708784,6.8349275063342,3.9969286381803606,6.824579013614204,5.040745072017443,6.855237765575018,4.84598551364924,6.796920205664446,3.680117082911612,6.650367496520516,5.066010809892061,6.611100895198312,4.86783633958425,4.186270180649645,4.890397684463602,6.830301059512641,3.5341202818005297,6.834546787532296,5.136954705446762,6.80422369889387,5.099924036998623,6.8791104113961765,4.193323337479144,6.795141265148253,4.869135799786903,5.236849446934978,4.902873449767663
2,7.077557270921122,7.711689045887121,7.760449657290001,5.18272002011735,6.700340030700203,5.179888996856892,6.755614843894177,5.137044388726848,6.833584853044645,5.124733148031678,6.760712871401329,5.154104422259805,6.927291239340474,5.127882167993003,6.949866287351593,5.224712321300381,6.689559756301519,5.1667254492147086,6.842466789906419,5.170370253506087,6.914627645898053,5.264974429907389,6.841588208055872,5.1731438036786015,6.878052358552226,5.275921474229421,6.827750919372078,5.237838921957459,6.970813330702894,5.319362918272714,6.963532365213229,5.326192110579536,7.046098784198911,5.402826473412925,7.058566386305441,5.391770798638957,6.976971663827971,5.301592997367809,6.790117579182302,5.326448528971894,6.950428729920875,5.355150336461352,7.042860046146423,5.406364541969553,6.944872638371986,5.339695128384016,7.042584456796721,5.542985019304895,6.9943841048113,5.507147706897055
3,7.743534328430656,7.413435298086004,8.375792615995632,5.713822825854978,7.4447894659568,5.6202774805738445,7.432284317617341,5.698634772900715,7.459380682997816,5.814542833542983,7.525050546240618,5.729211087258447,7.54090932410533,5.815984713320701,7.288004657414954,5.829774464992499,7.385742007278082,5.8125628540847485,7.512543896051842,5.869274897291172,7.385643636147807,5.893076966140445,7.608656244953786,5.876184299292155,7.612799096295214,5.99235635719552,7.366296813243956,5.741564643304081,7.445618486779881,5.95910217588311,7.484586971012626,6.012595726164762,7.65274002796083,6.024262763017061,7.518537776676688,6.030506487713745,7.639541025236835,6.009003342382167,7.562891141636165,6.054839708947189,7.647466284083569,5.901339196211456,7.6175997576375645,6.036719265363075,7.652396104467196,6.036632739944964,7.666346031849779,6.047932201663391,7.628166769433209,6.007459147876462
4,8.19511789036548,8.285063307806357,8.676209036759504,5.918298178161217,7.959742057980515,6.002967405003429,8.051519318828433,5.883291383452764,7.770648716002937,5.928982488366943,8.043946994571234,5.992495303122414,7.98486048781027,6.054110874403392,7.993348940150944,6.052668363053279,8.069796825018454,6.131153864576328,8.034265322948066,6.025839799287304,8.115412494329016,6.123433523620202,8.056716468390517,6.095339920347101,7.862481545275591,6.192322282601667,8.055600594347856,6.107726949729668,7.923485162689929,6.233458487403315,8.123280682901697,6.238490224674049,8.095178829403373,6.255982253725167,8.086975728432963,6.278543282818322,8.229827880859375,6.370933482189053,8.106535063015194,6.254379954559125,8.131173651988112,6.382805780069718,8.161767824428289,6.309153070512987,8.170854763721856,6.409756237307922,8.178444359246202,6.333524817662524,8.189362052857406,6.444660085715996
5,9.059378105824388,8.298381906471507,9.423327258252725,6.56816533069737,8.766262174591304,6.653560865793797,8.679944886935978,6.488911837142036,8.74716165497547,6.695605903271809,8.692221003254568,6.7398260760781,8.864073115070974,6.673758550984971,8.782690904271885,6.733499615397675,8.884885742908388,6.80227658606523,8.734014466052919,6.78527718348219,8.79456527589813,6.83520550759423,8.860606846846933,6.830800921711702,8.746705843707709,6.7981359974438,8.721371898500937,6.83596402604059,8.919938905971257,6.86330795288086,8.941172802542138,6.9078249647127885,8.718389976681687,6.896524239849572,8.701961997925766,6.918117700033631,8.929228594922645,6.932003450709464,8.876202050156481,6.869761359612674,8.854821723277174,6.884095526688936,8.978151336429626,6.921582506192442,8.920059053916631,6.974444484079122,8.862535221370186,6.9747836384552215,8.999048067828802,6.95267797305884
6,9.521066860889825,8.478054779254839,9.711954161876768,7.143999567095019,9.493379517803042,7.227703751317714,9.504480437030942,7.214798200998875,9.57124890304926,7.204468834479124,9.579306324635905,7.224818728617486,9.632530362587277,7.314917583339263,9.548893125038449,7.316358831544586,9.530933259979008,7.4060610588023215,9.65109847662017,7.317448293925912,9.265991271011472,7.451335957508214,9.54995493250569,7.357431879106738,9.570298232431488,7.415874430675381,9.686264278381827,7.48959029747161,9.713477788009042,7.464588241071891,9.680472396490142,7.506208861900482,9.751458806315744,7.48675074798382,9.65738897248516,7.408467981199556,9.668313424418292,7.406022532886229,9.726623475082278,7.559809779489278,9.61188969649668,7.5396000944226,9.704264693372831,7.480739441928486,9.735060864546169,7.549688831859868,9.64723271647776,7.597864542575863,9.790902625857376,7.502526794837801
7,10.646227588803749,8.356708248719476,10.375884949691653,7.963018859459076,10.512919688787983,7.950436042634069,10.521267718217503,8.083371295044754,10.529753166859544,8.097155994137392,10.551527729184608,8.086939679076341,10.629317516417014,8.027691241131715,10.410346384123557,8.003988329148452,10.639159885917122,8.113946346257697,10.562778082419568,8.118100197899421,10.451957372229868,8.064690015173907,10.691670545442836,8.12742283802159,10.645478916919137,8.051945515815786,10.607256851797027,8.120275333227703,10.332244212233176,8.119654497563445,10.717848529965858,8.058967337703075,10.340788983923243,8.08358792437623,10.520160855270746,8.086245581014268,10.567297897939609,8.03531116207704,10.526313931923212,8.094863386343647,10.503732125590169,8.093698766847321,10.582673080324188,8.083529819715892,10.39584452711691,8.107831462329587,10.505727332408034,8.076857888935418,10.64515301561731,8.117033472124316
8,12.853584890290508,8.285269200407118,11.306128163975991,8.25206491331391,11.695394741268608,8.297493915684177,11.809262703722856,8.236300866335434,11.714779861330047,8.269468522229733,11.66184042382428,8.290157570744194,11.441914115365096,8.29359900872439,11.493757202869324,8.285962666896795,11.855714903103085,8.305949406908049,11.510323351762429,8.257804011667012,11.471478770098347,8.27816590568088,12.150463344543937,8.305603936808,11.45687779103677,8.261386921863684,11.545876630647914,8.293484062548506,11.596202850341797,8.251123870445404,11.808806141530434,8.114504656254852,11.937932142122524,8.30549467478367,11.563199711596871,8.273596479403263,11.582198105459138,8.29928189713434,11.591832468828818,8.25467457044993,11.686129081906296,8.291693554808763,11.625482153704786,8.27009062103878,11.796877703328772,8.290309779691382,11.399742186538816,8.317430129903832,11.768426669864205,8.230578188864602
9,12.851006215012918,8.465009019864317,12.964858408049336,8.4018284121886,12.892928836852546,8.419079812157234,12.775820634496494,8.37240850688606,12.918041259285031,8.313595222321569,12.626173364834523,8.366995299888764,12.82078600305272,8.39946380514183,12.855191869059883,8.34506584319058,12.701869574118788,8.366253202324673,12.670357771745817,8.381622516556293,12.717155396468996,8.355703417039077,12.718933586060531,8.396227628189997,12.856312248650498,8.360152212989252,12.768177723321388,8.404629435760297,12.692817928284173,8.33428932341519,12.881292508343073,8.36741655867621,12.71773811400406,8.371849565316511,12.889304874450202,8.372272718821142,12.709073945293277,8.356682985823676,12.574698230413,8.365854048571052,12.9327113234152,8.40588752797108,12.66164254015825,8.366719302752161,12.608142161932516,8.347727289262988,12.90093369371309,8.34646351290065,12.865900054691345,8.367813186140252
10,13.021758973129153,8.464692602094436,12.873793774702415,8.469555077963319,12.947343841312438,8.481371797473226,13.021727434293492,8.472901148511875,13.007934450164557,8.466314480004723,12.999932597002646,8.461632633840802,12.993621826171877,8.468242038954173,13.045135257750983,8.47627879768018,13.02070767860713,8.468089830006987,12.979839354988158,8.480397912840182,13.017457676684762,8.459842126101059,13.028547332042784,8.455424908770631,12.901053841658465,8.483437670777176,12.995186753160372,8.463953030819926,13.002554825910432,8.372098404840129,13.000497292345903,8.48422966256047,12.942623528908555,8.456746158220911,13.036331417053702,8.48977549976071,12.98765347698542,8.421906730197124,12.89669096939207,8.491789584128274,13.033976517324373,8.459725916780384,13.004529757762516,8.445200383268446,12.94808275117649,8.469309396301675,13.00215233029343,8.437852038452958,13.019540741687685,8.437422569224378
11,13.02685925341028,8.515271445773296,13.013171398733544,8.542917895790758,13.05135741947204,8.534078408550744,13.044986574668584,8.535721128350064,12.952645369402068,8.530318026511086,12.969479598398284,8.534106197736122,12.88664810300812,8.459232658739912,13.024568933201587,8.540774970654622,13.018647141343966,8.515227235705648,13.043173842542751,8.535337132333922,13.003708246186024,8.54526608195526,12.98051969272884,8.541433069090182,13.04624362254706,8.520500233631262,12.96936395600086,8.546421859438057,13.02740592656173,8.518099626957977,13.00799602598656,8.521562538399603,13.001153600497508,8.492561365594929,12.982457078347997,8.534689770629075,13.036507133423813,8.532576529395502,13.040297801100364,8.541443174248501,13.025611216627707,8.53434872153579,13.00011582261934,8.539333090876903,12.77195787805272,8.516331224252058,12.958523607629491,8.54460040465096,12.989916763906404,8.546150914880615
12,13.047170263575756,8.544866928201639,12.976406127449096,8.530374868026634,13.01597084586076,8.546669435816886,12.981596518689251,8.546553858068606,13.004968297763131,8.525191553381106,13.015392633873647,8.548821202966552,13.034676379106177,8.55193232858418,13.040482528566375,8.542072851926287,13.008635813795676,8.52030318304403,13.044994083915167,8.554246409839353,13.04021970493587,8.552322640324272,13.045060165285124,8.518117942557431,13.037286593219427,8.555455870975724,13.02079178216889,8.545480184997155,13.01795779250738,8.54742732269085,13.0412980327456,8.536254807023814,13.020151994359775,8.541098335720847,13.01546021709292,8.546423122582848,13.039162403016578,8.555007454575293,13.013512318528544,8.534775664474791,13.012572160855992,8.538181102828476,12.995970718503935,8.496806795233924,13.014644712913691,8.536739854623152,12.95503180796706,8.528193416974403,12.946692038708784,8.530490445774912
13,13.002218411663383,8.529157196449129,13.021646334430365,8.542788423449789,13.061379259965552,8.547183535746392,13.059709203524852,8.547590899941149,13.06718540942575,8.558299841470278,13.023996728611744,8.530410236080751,13.01884688730315,8.52923866928808,13.065450773464413,8.560900025020374,13.050774701936977,8.559158779927438,13.052129370021069,8.549678878278923,12.985827228215737,8.524287141711508,13.04367095466674,8.541009284013155,13.0583229966051,8.546010705808932,13.027046984574929,8.536686802541974,13.065193957231177,8.520987175947784,13.012648755171169,8.55323336771782,12.962886479895884,8.546832381494788,13.023394487035556,8.531607697341617,13.064874063326618,8.56106233912588,13.051216245636226,8.526353015015458,13.048308665358176,8.552017590857501,13.059285682017409,8.558106580317416,13.034613301434854,8.550229609407337,13.024675564503106,8.549275303518536,12.946468263160526,8.457485097923028
14,13.033120463213583,8.558167211267333,13.066255764698418,8.541678750751824,13.035146457942451,8.561738753160895,13.067102807713306,8.550200557077169,13.00987784318098,8.553482838813833,13.024411239023284,8.552505796318814,12.733115549162616,8.566369441960822,13.022241066759966,8.53121549088434,13.051189212348516,8.552455902099611,13.037191976712444,8.512190635630628,13.03695017897238,8.567591534545091,13.060855114553856,8.546625225749239,13.069472725935809,8.536737328333572,13.063477343461646,8.567026277251593,13.049522159606452,8.562178959120189,12.98680793581985,8.555439450093454,13.061218562088614,8.553080527198237,13.008320425439068,8.54820857774343,13.041455726923903,8.564499356099313,12.972154392032172,8.56718353877794,13.075412539985235,8.568048161386656,13.042780358021654,8.510813176237196,12.802452928437962,8.5340461983586,13.043995354119248,8.554938613184241,13.030227901428702,8.55671838419327
15,13.024621497927688,8.545682288163546,12.976801113819512,8.533928725893135,13.039210462194728,8.571071498441382,12.920544842096763,8.563447156489291,13.01439690777636,8.56773616462354,13.070842412513072,8.570496135989563,13.002605888787215,8.564806931855664,13.02774684635673,8.57013487657964,13.048044339878352,8.568968993938523,13.062855577844337,8.56073707934247,13.068564107098917,8.574033572973796,13.058207354207678,8.570821395772972,13.03004317396269,8.575752713032907,13.056765578863187,8.560562133789064,13.055404903381827,8.562786531764152,13.074215566079449,8.569431304931642,13.073598306010089,8.567067329457265,13.08784184493418,8.571019709504993,13.070968567855717,8.561232232100128,13.03564657376507,8.553503049130473,13.047634335014765,8.563527366183452,13.068038459837906,8.565113244467225,13.064893587367742,8.573353369504412,13.079261779785156,8.547731740585228,13.084512244998,8.564767774367176
16,13.067693034494956,8.581764019088242,13.073625339297797,8.582090542016442,13.059049891674611,8.542663372115586,13.068325313057484,8.530165817563898,13.026165399025745,8.583018321864653,13.06422376257228,8.556125337714393,12.8896893478754,8.561449493003998,13.07005093792292,8.577691008713073,13.085999075822004,8.573333159187772,13.075812031903604,8.567949004520646,13.068274250180702,8.538545520100374,13.071692459226592,8.580562768393007,12.984116621843471,8.575032088930245,13.07349618025652,8.570822027345368,13.044837891586184,8.552662426272766,13.027392409917876,8.57513566680302,13.071668429637516,8.548126473332085,13.078539390263597,8.581568863218195,13.065591947300229,8.587074911357552,13.08350150040754,8.572059909239512,13.054078770434762,8.540602551390794,13.0304111270454,8.57665017740616,13.038465544933407,8.581534758308866,13.048069871316743,8.574206623810017,13.067469258946696,8.571417600113826
17,13.052833737350824,8.578003637048583,13.075220303272635,8.577807849606142,12.93422668937623,8.581432443580882,13.096540556179256,8.549897402327582,13.072441882035864,8.57719648752781,13.085135512464628,8.568496577787085,13.072538000392164,8.581526547867732,12.992303202471396,8.569766038300976,13.080736595814622,8.457872251801145,13.060793538731852,8.584414728429934,13.028802646426705,8.581093289204782,13.017247417780355,8.592643485164013,13.04634424645131,8.52741026720464,13.045187822477086,8.578576473210822,13.07475172628568,8.579057099803395,13.048963471660464,8.590606664190231,13.09044605165016,8.563665048965557,13.059993053045796,8.569117413451341,13.024067315529653,8.584602305431241,12.887323935200849,8.584440622898128,13.08496430164247,8.591214868406588,13.017328517643485,8.566701649040578,13.065109853669414,8.569167307670543,13.090195242814191,8.588542685603466,13.062095642089844,8.586632810681072
18,13.09619362898699,8.585595137236135,13.04239438274714,8.581649704484752,13.075169240395851,8.547736161591992,13.10057001789724,8.586678915465905,13.094239723025344,8.587283961820289,13.077902606153112,8.59800995580408,13.071929751418708,8.591572969954536,13.068352346345195,8.553837782499807,13.061047351266454,8.59192159791656,13.04245746041846,8.587525222475167,12.983014264444666,8.56404525554733,12.836061312457709,8.586399128894934,13.097794600359098,8.592368119599804,12.816864674485574,8.579266781838525,13.088109174112637,8.589767304477315,13.0950927734375,8.590119721873707,13.094514561450389,8.590350245797872,13.051121629129243,8.591543917624367,13.078937380332649,8.498491830383706,12.98083808478408,8.556862382699324,13.07059911292369,8.597765537287227,13.08026501512903,8.59288853525326,13.063056825652836,8.588585000953929,13.084758548286016,8.600044882060677,12.998974417138289,8.595899872432483
19,13.089687617744984,8.588695526123049,13.070388854019283,8.594603885878001,13.105113112081693,8.550323713694189,13.094834455354944,8.587251751628145,13.051872553787833,8.607901642654117,13.052443256528358,8.608728370919135,13.072503457857868,8.603414320787849,13.089593001238004,8.592226647383331,13.100945480226532,8.600642981118716,13.06037452277236,8.589680147486808,13.0581307598925,8.595146406565283,13.018507469357468,8.596209974478413,13.08339036355807,8.597778168735127,13.08293380136565,8.59476114740435,13.092844505009689,8.606701655103672,13.078057296632782,8.574854617087258,13.073439109982468,8.59563019101983,13.063699617160587,8.579245939949491,13.0977074930987,8.599381731045957,13.020676139771467,8.586898702659356,13.06681895819236,8.578136898823923,13.09456562432717,8.582519379672627,13.083674213079016,8.59139044553239,13.098025885153945,8.604129260738954,13.108014684962477,8.603737054281678
20,13.07836067019485,8.540756023482773,13.099623852827415,8.59355042312319,13.114417068601592,8.598917525335654,13.09567248727393,8.602194122920764,13.01124903160756,8.607129861187463,13.07794615978331,8.599936883181137,13.068543081208476,8.615933980373358,13.0961771086445,8.550924339041806,13.07918518546998,8.615642193926881,12.944192961445005,8.605730928332601,13.05617535208154,8.600498351040267,13.10392815297044,8.613434848406458,13.105107104684423,8.604870095158256,13.110336544006827,8.613204324482293,13.082520792803429,8.601144449600323,13.112832617571971,8.608903948044937,13.08509195883443,8.606568393328333,13.03954387274314,8.613465163881417,13.084150299312562,8.609500152385788,13.07561829334169,8.60457704556699,13.092353400282972,8.590123511308077,13.110546802911232,8.602119597378158,13.10530534879429,8.598260690044885,13.116384491207093,8.601023187700488,13.100176533376136,8.616719656432702
21,13.100188548170676,8.620049937671384,13.106632983590671,8.617379649585446,12.967793021615096,8.611002663113425,13.080364137183963,8.619244051295402,13.10632660632997,8.612652961781484,13.094148110216995,8.585670294351138,13.078955402524452,8.618004274684074,13.054439214270884,8.562156854086366,13.084710489107868,8.607395753165745,13.040631211648776,8.610736139562746,13.09383272186039,8.612272123627317,13.075259351354884,8.609860148650922,13.078252537044014,8.612861380671825,13.115193524698572,8.621328240198807,13.006366519477425,8.624216420761009,13.102128937488466,8.605343774454484,13.102240074337937,8.614123262316976,13.09411957507997,8.596883862223848,13.10727277139979,8.611209818858976,13.120247247650868,8.580199614265897,12.919448492095226,8.610828980704808,13.089390251580186,8.61985225551176,13.083132045475516,8.621307398309773,13.107008445919968,8.612863906961405,13.11342434620294,8.618540479647404
22,13.115249093123309,8.584599147569266,13.066423971821942,8.617370807571918,13.12773697019562,8.621788024902346,13.073907686969427,8.623042327678757,13.132353654996615,8.596402604058879,13.042253208911324,8.601626970910079,13.112024622639334,8.605907768603194,13.10374342550443,8.622989907169975,13.117004754975088,8.63182434183083,13.088812039593073,8.615644720216462,13.091345659391148,8.629802678594528,13.061834320308655,8.619712046440075,13.125335513137458,8.616476501060639,13.112820602777436,8.617679014900663,13.124931515671136,8.586947333733768,13.009475347563976,8.617327229076665,13.109067481333817,8.627317441220317,13.095074751245694,8.605795980289283,13.102930925023838,8.604300416857992,13.124976571150652,8.620344881979836,13.1066089540016,8.627426071672252,13.121423195666216,8.570922447356168,13.09064279391071,8.606138924099753,13.070031413881797,8.618098378970924,13.127028097317911,8.611965179443361
23,13.11563657024714,8.637192707188083,13.07175253319928,8.635671880860993,13.1055771835207,8.620761088188122,13.097178842139057,8.613905369840712,13.10037778118464,8.531067702943917,13.12206448532465,8.632699069597864,13.110033170444758,8.593813788811893,13.130387734240434,8.628122696023905,13.06362302284541,8.635128728601318,13.120349373404435,8.633150012287874,13.068708284633368,8.617595647344528,13.124966058205432,8.594037997012109,13.096755320631614,8.622500438563872,13.086460143562377,8.630271936883991,13.1044492946835,8.625894508614447,13.129004531019316,8.63704870868203,13.112120740995632,8.626435766156936,13.111489964282418,8.625132832306111,13.09495460330032,8.638763427734377,13.093068280557947,8.639277527663882,13.125404598206046,8.636520714159834,13.109056968388597,8.537463005015393,13.097563315564251,8.627177232148632,13.069175359771007,8.63432347379773,13.087813309797152,8.63935836893044
24,13.141043355145792,8.633523903145697,13.10372089776467,8.602447383451148,13.124928511972502,8.63801438287394,13.10319525050366,8.640550777612145,13.135958093357836,8.619229525130317,13.07907855416846,8.633213801099766,13.081464992733451,8.640261517455247,13.095915786863312,8.63758743993494,13.121716056283065,8.624799362081566,13.133335864450048,8.638296695734493,13.117739159291183,8.638557535133616,13.135813915823388,8.64806143653314,13.138589333361528,8.635790616471247,13.12446143683486,8.599679833216385,13.145795206385335,8.630258673863697,12.952077670360174,8.634910836125053,13.140642361378106,8.638726796535467,13.13697184164693,8.60563556090096,13.133235240545796,8.638383852725,13.133263775682824,8.633678638382465,13.055649704820528,8.608883737728297,13.124338285190852,8.641102771885349,13.072052903062716,8.633412114831787,12.960504546878845,8.63244707221227,13.125904714028666,8.644278949459657
25,13.118556165319728,8.649407317306823,12.950222886453464,8.63386874167335,13.148779380978562,8.645962089892256,13.14241604542169,8.644696418812734,13.120598680391089,8.637446599290861,13.142171243982991,8.646232402877304,13.134918813630351,8.636122191978608,13.128740205539494,8.631408767194939,13.137330783633734,8.652776756033994,13.13577486774114,8.625431566048933,13.123402633066252,8.648878059639838,13.122355844092182,8.641934552729525,13.126379298412893,8.638088908416547,13.120280288335843,8.632961172141778,13.105095089889886,8.63254496593349,13.124623636561116,8.651362033869258,13.145274064672275,8.593508739345122,13.150515518789216,8.653030016564376,13.143916392889547,8.649301213144469,13.092227244940329,8.650622462594747,13.135827432467243,8.629417419433596,13.06356445072204,8.645082309546062,13.14585678220734,8.651289403043837,13.119183938334308,8.642504862602184,13.106155395507812,8.642833280247569
26,13.122181629571388,8.621411607754942,13.143656572957678,8.641273296431992,13.122650206558347,8.661489928795014,13.147212952140748,8.625340619624057,13.149299020842305,8.65426663531373,13.004995331050845,8.642689281741516,13.121295538474255,8.652890439065088,13.115372244767316,8.66213602735507,13.127372020811546,8.657992280871664,13.147710064264732,8.653959691129774,13.148590147964596,8.656652084249535,13.12123997004952,8.652768545592858,13.129386000745878,8.6165440793069,13.115959467850333,8.657418181564635,13.143808259738712,8.60904415711662,13.097630898783526,8.651992343119439,13.08939325527882,8.645494094747582,13.142482126791649,8.65461210541378,13.14752083125077,8.654857155503027,13.1498757309801,8.639931836665072,12.899927454670584,8.6507917239966,13.106970899687038,8.596165764410765,13.120996670460135,8.660758567961636,13.14854058693713,8.58710775312209,13.13483471006859,8.636466398933866
27,13.168545219841905,8.659452476248838,13.160541864830678,8.666205248295867,13.16068454051581,8.636903447031187,13.139886931171567,8.658499433504826,13.151344539612296,8.670227101307043,13.145241023987296,8.662072870115573,13.01636883592981,8.654970838534123,13.126316220741572,8.664467792637302,13.155896644892657,8.666416825048183,13.00854870653528,8.642663387273322,13.093215461791033,8.655165362831774,13.138511237197037,8.665552202439468,13.163593622643178,8.667606707440308,13.145141901932364,8.664386951370746,13.147837721456693,8.647030710384547,13.155860600509042,8.634860310333455,13.155824556125433,8.663386540697111,13.114664873738928,8.663260857790512,13.155389019823447,8.639206791555646,13.158769682636413,8.6655856757764,13.1388055996632,8.657269762051817,13.109339316060224,8.66372822136279,13.120424465870292,8.57907667854764,13.123678973340612,8.663692221736278,13.150898490365096,8.658546801434449
28,13.155581256536047,8.673877589749976,13.164943785179318,8.671842031920983,13.163497504286878,8.66984057900132,13.0960284255621,8.666101038850696,12.955365218515473,8.663784431305944,13.147235479880504,8.646807133756727,13.089101896511288,8.673926220824388,13.173671031561422,8.654995469857527,13.149006160225454,8.675882832104008,13.154148492287463,8.674289374951497,13.156291631263072,8.637264074868716,13.148082522895391,8.673600961040979,13.154855863315852,8.662926755993572,13.129012040265902,8.666395351586754,13.047605799877736,8.610048357224624,13.134076276163416,8.667535339759675,13.111719747227946,8.655078837413663,13.15186417947604,8.677240081180802,13.144812996931902,8.670395099564105,13.012551134965552,8.649558894681617,13.138649407334215,8.674427689305995,13.163893992506614,8.671899505008927,13.159927608459952,8.67450474113818,13.146151144673505,8.67515905013937,13.118775435320035,8.608633003487494
29,13.174297302726686,8.654526211568063,13.165880939153237,8.68665556244503,13.124808364027128,8.608661424245268,13.140924709049736,8.648338696814532,13.163107023464413,8.675665571200138,13.150791859063576,8.666446508950747,13.176237692044475,8.66528315259921,13.170017032172735,8.678513331129063,13.14901967686931,8.674170007768847,13.153664896807332,8.671481404083455,13.151835644339013,8.62002656949277,13.17014769306333,8.687061663494996,13.164490226685531,8.685238945563109,13.12567943663109,8.672520972245577,12.95315900186854,8.644884627386435,13.16362516147884,8.680279207545402,13.14548432357668,8.675740728315139,13.074108934777929,8.676403247757465,13.131407489926795,8.67705945147584,13.146953132208877,8.68127898664664,13.057501485028604,8.67616767125414,13.167639604703648,8.678216492103425,13.130051319993386,8.655515253938587,13.162265987846794,8.66919258572408,13.17459767259012,8.676738612699195
30,13.168714928814746,8.661546770310562,13.028057729165385,8.691035517004153,13.13022403266486,8.67999310525048,13.173124358409972,8.67060541317163,13.090109637403112,8.663381488117953,13.18539146363266,8.68989047625207,13.162691011203556,8.684556215804145,13.173568905807857,8.686099778737455,13.185649781715211,8.679039430934074,13.159322363185131,8.625099990541573,13.126494940810316,8.683547594689376,13.041359608567603,8.685881886261189,12.897034892885705,8.691519301458701,12.984468054583692,8.650423517290331,13.155817046878845,8.684443164345446,13.163224167711151,8.677471236677361,13.13524471493218,8.68477916085957,13.172490577998124,8.683441490527022,13.104712118314009,8.693600964072525,13.155555725097656,8.689096589751593,13.062016044076032,8.689170483721805,13.149709025705892,8.603342321534821,13.169602521761195,8.648755534595212,13.153738487423874,8.66778102142132,13.161584148256797,8.689661215472697
31,13.171651044229822,8.698525965608509,13.181027089516949,8.687460185676223,13.180899432324988,8.693250441393317,13.180992546982653,8.67639377417154,13.159088074691653,8.69904953912394,13.102151465228223,8.68989805512081,13.1474187054972,8.699036276103646,13.159745884692574,8.695413576846093,13.187789916992188,8.69831880986296,13.174612691083292,8.675474836336857,13.179900702529066,8.691987296603374,13.142690883846733,8.686595563067508,13.1644962340828,8.693017391179572,13.18254095362866,8.692178031466655,13.172368928203433,8.675419889538494,13.160351129967395,8.646363138363062,13.133932098628968,8.688819961042595,13.176818907730222,8.70101751870667,13.14388935960184,8.688075337188923,13.165658665454291,8.692757814925239,13.190880722886934,8.682453079728893,13.168629323403666,8.66549030834476,13.148135087621494,8.676326827497673,13.161725322092613,8.670686254438186,13.17444298211045,8.670700149030877
32,13.087901918906866,8.696713352834943,13.157560693936086,8.659600895761656,13.152687192901851,8.683018968594785,13.190817645215612,8.69723882106756,13.175404165673443,8.704226538045518,13.14158101720134,8.69547673408559,13.153484674889272,8.69568136354156,13.190686984325016,8.699324273115753,13.18346609280804,8.696436724125945,13.164111760657605,8.692138242405772,13.129844064787616,8.688315334699013,13.17687898170291,8.708055129903832,13.098604097141056,8.707158297102973,13.197771207554132,8.644320001665331,13.077911617249017,8.693623700678744,13.017972811000554,8.703620860118741,13.172293835737571,8.699048907551546,12.958681301807792,8.683378333287525,13.154927952083076,8.69361927967198,13.149617412897545,8.64716460373228,13.15046595776175,8.69373485742026,13.160076291542351,8.7014659351071,13.177355067936452,8.705957046407738,13.052760146734284,8.697453555681848,13.177249938484252,8.694951265852973
33,13.181717940202848,8.71112583488818,13.198418504609837,8.71423696050581,13.13011890321266,8.710456999721908,13.150234672966905,8.712467926227495,13.173622972383274,8.711752354703993,13.169455340528112,8.704162749233626,13.139672166719212,8.712452136917621,13.185914107195035,8.708264180366568,12.958984675369864,8.701680669721389,13.180103452186884,8.710659102888298,13.182299155888597,8.712002457372401,13.189411914254736,8.698579649262083,13.158810232567976,8.695837361923118,13.093271030215766,8.712695292289684,13.080170398622046,8.694010222984467,13.194791538508856,8.706225464675601,13.070896479088493,8.706866510656496,13.183563713013656,8.664649685487054,13.14787676953894,8.712619503602289,13.16628794031819,8.701314357732306,13.19726208063561,8.701747616395258,13.201108316736898,8.696000939173416,13.143805256040077,8.711755512565968,13.175154858686792,8.71368180837063,13.102107911598026,8.700852678311582
34,13.161961112435408,8.698100285814299,13.201722573107622,8.718526600212453,13.14850904810147,8.695625153598408,13.198064068170982,8.690139947348085,13.185483076441006,8.712855080105612,13.20001647228331,8.673604118902952,13.195281141386255,8.719873112558531,13.187731344868816,8.710481631045312,13.185016001303364,8.72195793303433,13.196574233648343,8.70284971022448,13.159287820650835,8.696263041717328,13.16094436044768,8.71849439002031,13.095831683301553,8.70060194407078,13.189365356925904,8.715686419152266,13.105733375849686,8.717121351633642,13.184424272672398,8.702551608054055,13.156955448661265,8.717240087243896,13.139819347952294,8.717670819617267,13.10935133085476,8.699672269505381,13.206139511949434,8.720346160282364,13.184706620344029,8.71431085447602,13.189251216377798,8.708375337108082,13.19981522447481,8.716023047238787,13.196415037620724,8.698550596931913,13.182069372943069,8.714793375785778
35,13.198296854815146,8.731436571538055,13.180103452186884,8.728302709314208,13.17484247402882,8.73014626913513,13.186106343907634,8.723290550787718,13.010990713525006,8.72192888070416,13.038825988769531,8.722778345575398,13.208680640994094,8.720730156298506,13.170778469776543,8.724614958099973,13.204024908110853,8.699322378398568,13.208228584349625,8.724843587306951,13.164503743329384,8.698723016195741,13.211465069628137,8.720580473640897,13.201782647080307,8.724278330013453,13.196907644196758,8.70005437080434,13.195926936592642,8.726821672048002,13.18908150740496,8.718204498291017,13.098683695154866,8.718173551243662,13.21905541607714,8.675030840943192,13.195778253510245,8.707722291251683,13.189296271857314,8.727134300383511,13.16795198936162,8.728206078737777,13.191900478573295,8.721081942122504,13.201826200710506,8.717956921912188,13.025839497723917,8.710950889334775,12.880923053411047,8.693805593528497
36,13.200124605434148,8.711213623451082,13.216617914635366,8.720037952953618,13.176632678414892,8.730309846385426,13.17456613375446,8.69809018065598,13.202934565506585,8.7262191519832,13.212322625588245,8.72434653983211,13.210488867571971,8.723156657439985,13.025064543476256,8.68884838180037,13.027072516013318,8.733324341426624,13.195012310358482,8.72923175230721,13.18562425027682,8.723737072470962,13.218244417445868,8.686687141064779,13.18674012431948,8.723960649098784,13.214175907645638,8.733336972874522,13.20783810352716,8.727253667566162,13.197162958580678,8.68533936557391,13.167022344634288,8.717144719812255,13.125356539027898,8.722014774549876,13.185122632604884,8.731358888133473,13.206684683251568,8.723416233694318,13.201150368517778,8.730604159121484,12.87422780915508,8.72728777247549,13.1911750853531,8.713304759650832,13.221528961902528,8.723815387447939,13.204442422221026,8.711610250915124
37,13.063121405173474,8.742562350847864,13.22315546471303,8.7280399751979,13.212929372712384,8.689912581285895,13.16076413852962,8.738237343087103,13.208767748254491,8.738716074962491,13.221413319505103,8.733688758698522,13.210449819489726,8.740832474058038,13.056140809547244,8.700735205846119,13.21912450114573,8.724838534727793,13.220009090393546,8.738234816797522,13.19302536371186,8.725956417866891,13.22214021457462,8.715857575271304,13.224176722248709,8.73293402968653,13.19476450522115,8.740401741684668,13.203376109205832,8.731629832690915,13.22286260409618,8.740416899422147,13.208203052911232,8.706340410851485,13.181213318832278,8.710799311959981,13.192734004944327,8.707870079192105,13.123827656423012,8.736986198172666,13.188353110486128,8.722655188958377,13.212139399971548,8.709530483018485,13.219873923955,8.696729142144816,13.01069635105884,8.731459308144274,13.202185142697312,8.730496791814337
38,13.156350203386442,8.746063788205584,13.230645187257782,8.742533298517696,13.210572971133734,8.745580635323432,13.214351624015748,8.728580601167996,13.15964826448696,8.73589420950176,13.198212751253385,8.727570085336042,13.204119524617834,8.720184477749251,13.2222873958077,8.74526927013271,13.140361515555794,8.746567151404376,13.210970961202786,8.749563330846119,13.166996813195896,8.735450845680491,13.19987229474886,8.744424226268238,13.20384468619279,8.747926926770749,13.18342404102716,8.697579870160842,13.132802707942451,8.736407677858871,13.22526556300366,8.731703095088733,13.183458583561452,8.748711971257697,13.083710257462627,8.711607724625544,13.227632477527528,8.745732844270618,13.217945549431748,8.739221964450863,12.967087152436024,8.730759525930646,13.217798368198665,8.747666087371625,13.09570402610959,8.748382922039918,13.184413759727178,8.741388889338008,13.206268670990712,8.749485015869142
39,13.152236638106698,8.749832380686376,13.155955217016023,8.738417972792064,13.191349299873892,8.695378840364368,13.23175205020454,8.755357375997583,13.123985350601316,8.732470455548622,13.218137786144348,8.752145830369155,13.24068354809378,8.748517446960046,13.19814066248616,8.74714061913901,13.216276994840369,8.753923706660999,13.213597695658526,8.753093820534007,13.179070179856668,8.728928597557625,13.212992450383704,8.725295161569356,13.211777454286109,8.756705783060845,13.227698558897483,8.751897622417932,13.23407541109821,8.745134113640187,13.229032201091137,8.753652762103556,13.203219916876844,8.733684969264152,13.229793638694945,8.751352575441071,13.2141638928511,8.750539110196348,13.217380854088493,8.753704551039943,13.238253555898591,8.74526674384313,13.227664016363187,8.74672125506875,13.17383773683563,8.747570719939985,12.992192065621923,8.712147719023244,13.233024116576187,8.747200618516532
40,13.174548111562654,8.761118579384508,13.209389513871802,8.754590015537692,13.227673027459092,8.74223898578164,13.219442893200972,8.754170019895037,13.228826447734685,8.762961507633033,13.231726518766148,8.751440995576367,13.198929133377677,8.753249187343169,13.22670583649883,8.756756308852443,13.205729507085843,8.757320934573547,13.217879468061792,8.760080274367176,13.188232962540754,8.756533363797018,13.24247525432917,8.755851897182845,13.186127369798074,8.758481764635505,13.028568357933224,8.748456184437734,13.232508982260397,8.75671651979156,13.197542926457922,8.761703415422252,13.220869650052288,8.763634132233678,13.213226738877184,8.753787287023684,13.2387266384335,8.737949346074997,13.215330829770544,8.748799128248203,12.889108132189651,8.74809871446218,13.230835922121065,8.742836453267282,13.17028586320051,8.75290371724312,13.201561875230684,8.73249192901005,13.204232163316622,8.729204594694227
41,13.1865493894562,8.763399187302749,13.19411570631613,8.725791577471805,13.248752984474963,8.692805814427256,13.221174525463674,8.72401496432475,13.21414887435793,8.715839891244245,13.239406976174182,8.753688130157673,13.16596354086568,8.76557179634145,13.22412265567329,8.768723974164748,13.212013244628906,8.754706856430762,13.235613304798996,8.764722963042608,13.18753910815622,8.763533080650483,13.190418153297244,8.761689520829561,13.235460116168646,8.768322925693942,13.21818284162386,8.765150537554003,13.187144121785805,8.682265502727585,13.239355913297398,8.75760451057889,13.232330262191653,8.738537971547109,13.125650901494064,8.761479207222036,13.21847119669276,8.746774938722321,13.237019035759872,8.760808477338577,13.167017839086338,8.7619484655115,13.220429608202355,8.75386939143503,13.173926345945343,8.758796919260595,13.243287754809762,8.76665557457122,13.23476626178411,8.750693213860721
42,13.212046285313884,8.775129381394546,13.245135029469887,8.74243856265845,13.198286341869924,8.762092464017554,13.239587198092243,8.738813968683711,13.200693806325356,8.758449554443361,13.24174685741034,8.760069537636461,13.07410292738066,8.761130579260012,13.157065083661417,8.772812773849791,13.238872317817266,8.764886540292906,13.249156981941285,8.76260277451269,13.249341709407297,8.76654125996773,13.138246911717212,8.776357789702764,13.21958256518747,8.771196580091061,13.239406976174182,8.772844984041935,13.157059076264147,8.752642246271602,13.23823853740542,8.763610132482668,13.236925921102207,8.773681185892876,13.223577484371155,8.745040640925732,13.241527587410031,8.683377070142734,13.251499866876076,8.75452370043622,13.249374750092274,8.769089023009043,13.247604069747323,8.767112832985179,13.250077615572712,8.767539144351783,13.204242676261842,8.769456598142916,13.085658156027003,8.770808794640548
43,13.173164908341535,8.767580828129852,13.206247645100271,8.770850478418616,13.21804016593873,8.775508956403923,13.256807402362972,8.77414539160318,13.243349330631766,8.745109482316783,13.172011488065944,8.716983037279142,13.181740467942603,8.77718830740215,13.07667108971303,8.778428715585875,13.236601521649698,8.771875520415655,13.22242556594488,8.776395052474067,13.222795020876909,8.747823348897974,13.246390575499046,8.774510440447473,13.19241411103977,8.771980993005615,12.932046004167692,8.775711691142709,13.258190605584092,8.776806837675588,13.23101764588844,8.775958004376747,13.067319074014978,8.769327757374342,13.160651499830832,8.75163046729486,13.242787638987142,8.776686838920543,13.237742927130752,8.775450851743585,13.252349913589596,8.765267378447072,13.2149944155235,8.733258026325151,13.23594671534741,8.770050907766583,13.107744352085383,8.77841166313121,13.184859808974378,8.774173812360955
44,13.186318104661355,8.777965141447964,13.260003337709922,8.780535009523103,13.23355426938515,8.786429474685367,13.153582295094887,8.778690818129787,13.253668537290077,8.782780880959619,13.235596784456508,8.78298298412601,13.234608567605807,8.78015606608612,13.253006221741202,8.733825178335834,13.228135597048782,8.756841571125765,13.263085132508763,8.784599177884742,13.25509229044276,8.737389772933051,13.257906756063148,8.783450979270684,13.200480543722318,8.772247516556293,13.240877286655696,8.75790829690087,13.256385382704847,8.784199392558724,13.261919697438636,8.782720250009703,13.263730927715152,8.765513060108717,13.151611868790754,8.743522340888221,13.223493380809392,8.778894816013363,13.212523873396746,8.775930846763764,13.203946811946356,8.779822595861575,13.11289869894193,8.778932710357061,13.150296248788909,8.785703798003546,13.24857426440622,8.78264130346033,13.23382610411156,8.749382069568762
45,13.260703199491726,8.781231633874755,13.268380653201126,8.79086121818088,13.26803222415954,8.772228569384444,13.184102876918525,8.75943796524149,13.206791314553088,8.788219350852716,13.2344418623316,8.790827744843945,13.234829339455432,8.788969027285546,13.16359812819113,8.76530400964598,13.21094242606576,8.775299274368793,13.188318567951834,8.756667888717148,13.07035881703294,8.774416336160623,13.258860430379553,8.725158110359647,13.263352461687225,8.763350556228335,13.22398899108406,8.77491401520786,13.261925704835908,8.700309526051909,13.231229406642164,8.790699535647766,13.253243513933317,8.783248244531897,13.258857426680915,8.789976385255525,13.206505963182824,8.788936185521006,13.237968204528327,8.751083525600814,13.250786488450418,8.777583040149008,13.211347925381398,8.791115741856052,13.190619401105746,8.72872586281884,13.251097371259071,8.786238739822085,13.19935716043307,8.768539555025418
46,13.256874985582249,8.791537632215892,13.215954097237171,8.786243792401246,13.182464359313483,8.792645410196672,13.271495488684948,8.77273509044521,13.267797935666062,8.752286671013234,13.272896714097872,8.753072978644973,13.21503646730438,8.793291508756727,13.239632253571758,8.740026587682056,13.260081433874417,8.748770075918035,13.262980003056564,8.783077088412861,13.20916123277559,8.769379546310729,13.263271361824096,8.788336191745785,13.260677668053336,8.732188774260464,13.232851403904712,8.79571106260186,13.232259675273744,8.78203373081637,13.18779292069082,8.794065816512962,13.220429608202355,8.781117319271265,13.14045312836414,8.756259892949997,13.266154912513072,8.78027038068961,13.271725271630476,8.787781671183,13.25542119544322,8.791408159874923,13.273404339167076,8.72705788012372,13.275003808689869,8.766134527345368,13.24469198392132,8.78431307558982,13.266025753471794,8.767061675621186
47,13.266413230595626,8.792618252583688,13.07929632231945,8.791624157634004,13.1493861281027,8.790839744719449,13.230607641024852,8.786774944785416,13.263648326002707,8.788549663215285,13.275069890059823,8.781870785138466,13.271474462794506,8.791453001514967,13.086080175685131,8.687678709724882,13.267509580597164,8.75998427536314,13.272470188891791,8.801577738578747,13.04597779521792,8.801434371645088,13.155573747289464,8.786127583080571,13.230407895065667,8.783315191205764,13.270358588751844,8.802095627942624,13.243951572207951,8.795016964539789,13.225280581496833,8.79637295047179,13.255975377841258,8.75161152012301,13.275449857937067,8.793977396377667,13.269281762791431,8.770594060026259,13.269092529777469,8.803847609766272,13.225875313826434,8.794718230796967,13.10029217577356,8.795040332718402,13.24920053557148,8.739339436916326,13.228874506912833,8.718338391638751,13.268283032995509,8.720337949841229
48,13.2382805891863,8.787818933954304,13.159848010446142,8.69122309400546,13.253793190783403,8.805394330561557,13.278115640475056,8.803742137176313,13.196539691114053,8.79017027798078,13.242197412205494,8.79543506546526,13.247332235020917,8.722648873234428,13.278833524448665,8.762309724921424,13.177478219580465,8.73479527353451,13.282205176165723,8.729671958266506,13.248518695981485,8.806788210837258,13.23198033130075,8.752976348068541,13.276664854034664,8.767695774305736,13.226316857525685,8.781742575942287,13.161755359078954,8.79226899304927,13.107115077221486,8.804658548721417,13.252261304479884,8.802007839379723,13.281155383493015,8.80609979692674,13.25030739851824,8.803578559926015,13.26441276730515,8.80415708023981,13.286085954801305,8.779997541414982,13.239680312749908,8.806335373430064,13.008828050508274,8.799029975537435,13.220731479915107,8.795824114060562,13.268784650667444,8.800500907645322
49,13.288673641174796,8.80370108497064,13.287496191310131,8.793367297444124,13.282531077467551,8.809867757835137,13.236490384800229,8.79061237865726,13.23699951171875,8.756254840370836,13.271779338205892,8.790374275864355,13.278976200133796,8.802768884115663,13.023118146761195,8.78972186158035,13.168156240868756,8.806124428250143,13.259672930860145,8.810458278024434,13.206499955785556,8.764328230295751,13.27329620601624,8.80824587992485,13.19826831967812,8.764530965034536,13.221266138272023,8.78691894329147,13.2518693218081,8.80356656005051,13.22694012499231,8.781513315162913,13.27188747135673,8.793763924908166,13.282881008358451,8.807007366458313,13.281225970410926,8.808701243621625,13.282051987535372,8.79911586938315,13.262033837986744,8.783747186723925,13.08944131445697,8.811464372849624,13.205390089140163,8.803130143525586,13.174642728069635,8.791520579761228,13.280703326848547,8.780234381063096
